time,accelX,accelY,accelZ,gyroX,gyroY,gyroZ,label
4.678500222216826,2.185746517786712,0.6929816666537022,-1.3426883400037692,0.0008717007986594565,0.0008128776842958008,-0.005562453065564637,4
4.762500226206612,-3.4619980978379647,1.1219673066850526,-0.9055208015704574,0.02693817091820144,0.004837002789287197,-0.0010381290596138723,4
4.8780002316925675,0.36129277609997335,1.368471881180715,0.3411848783750196,0.020370866314580904,0.0034283558644923042,-0.012295152852413851,4
4.972500236181077,2.0873363855419442,0.44125649368624015,0.2968114640253692,0.0015688237894553195,-0.003086809847422183,0.013399718804593995,4
5.067000240669586,0.5416429771507366,-0.6800589348921025,0.1177942097931034,0.009121439710250877,0.0017042602423172754,-0.003811324573246531,4
5.161500245158095,-1.6287366334604456,-0.6896130835110963,-0.2975748485692614,-0.011853639205995657,-0.004910764187206431,-0.007005186038125596,4
5.266500250145327,-0.15186089094135008,0.5019660263267502,-0.06560394544988371,0.005329815789435002,0.004587990720986142,0.007528453611683946,4
5.3610002546338364,0.9233458915696251,0.6090135328204199,0.06192078521772344,0.003427556696545559,0.000996496383644483,-0.0108659796555729,4
5.476500260119792,-0.21302813641509893,-0.43556756653123135,0.6204265530725468,0.00023667735706756657,-0.0019234490943572868,0.010502077264922086,4
5.5815002651070245,-0.7416876922813548,-0.28919815278953753,-0.0867438063619946,-0.001972737730676491,-0.0029780423935576563,-0.010270141857948802,4
5.686500270094257,0.043853347003623186,0.39739255822841335,-0.33571668151434747,0.00581410186176421,0.0015536102190416084,0.010291499086593502,4
5.791500275081489,-1.1028649352097584,-0.09820589595611806,0.2273269567727656,0.009948391981118878,0.0017245320199287394,-0.0023966672688334094,4
5.896500280068722,-2.746163145547688,-0.5735686042442729,-0.7617531115185993,0.00729094180579884,-0.0005411248226992269,-0.003716505384520743,4
6.001500285055954,-3.390301961975205,0.0447518242990002,-0.15123342462159375,0.01561903607742353,0.004522406632252895,-0.004959886738286894,4
6.11700029054191,-3.555797676098698,0.4263213578208787,-0.6763298273939512,-0.0010683720044458683,-0.003978513025019846,0.007544271102442649,4
6.232500296027865,-3.9064266908440684,-1.9689007073444489,-3.3584260165689854,0.003717365845522452,-0.001973390057465844,-0.008107012455452417,4
6.358500302012544,-4.162237587354354,3.448333911620267,0.903477795633531,0.016063760105536163,0.0031435645049580087,0.008835881427371538,4
6.484500307997223,-7.261975959931329,-3.637807467820738,4.109935860361044,-0.0025499807054247987,-0.007072515276972256,-0.0008636332426726967,4
6.610500313981902,-6.536099993336819,-2.0180031168764043,-1.4435251773069442,-0.0036840343457293515,-0.0006182723347447003,-0.004248381413988445,4
6.736500319966581,-1.7334864262913645,4.568590032437882,-1.4190293661964133,-0.013648913882099878,-0.005842349374514825,-0.004714164360364417,4
6.852000325452536,-7.341834922272469,-3.846815182121988,-0.5194365589779739,-0.029976203505089852,-0.01786765216860812,0.002276941069113377,4
6.967500330938492,-9.26523844076374,4.2398868028047145,5.891099016786432,-0.0007263925876447809,-0.00015168218003541668,-0.003005507249641919,4
7.072500335925724,-6.307334827054634,-3.3095893096618374,-2.1535973457529667,-0.006914009209551521,-0.0027039138257149396,-0.006655905593778527,4
7.18800034141168,-4.546675316756103,-2.411813163006255,2.1042163096603885,0.013835618477724848,0.005674239821834686,0.0070599623732345235,4
7.303500346897636,-2.4020152929888594,4.173693394126296,8.864593334218341,0.0052386162309475,0.01242207471772133,0.004064371270474,4
7.419000352383591,-0.4037462357121569,1.9223223409301005,1.2483111609166015,-0.006338504983489623,0.00015711042492141686,0.004839619657708877,4
7.534500357869547,0.45444969233281096,-6.801412055493113,4.7406958757937545,-0.00221841383516026,-0.001306719378130215,0.019203840729818664,4
7.629000362358056,-5.802771865275418,9.57150399056058,-1.7922845391047344,-0.010564910687796584,-0.012871177072655646,-0.015385174355008953,4
7.723500366846565,-2.7018993016851263,-5.7769797069317255,-1.0846829338384159,-0.03341100399280583,-0.021334137773870714,-0.006475401720473471,4
7.818000371335074,-1.7348480440148226,5.439544948816013,-2.901362038810991,-0.010972831839344974,-0.019818523738311264,-0.0035987844074639288,4
7.90200037532486,-8.921825362064164,-8.606158512399912,-5.394855340531302,-0.007184418595170708,0.010940401818628667,-0.001183908259740886,4
7.996500379813369,-3.3736467328804087,8.079836797852822,8.187969744149932,0.05517070872973786,0.01200021222404558,0.02215731332485445,4
8.091000384301879,-12.311187661071697,-2.2589142679023126,-3.0593539814613973,-0.02452621244364675,-4.07467660556064e-05,-0.013917448891216586,4
8.196000389289111,1.4012433198064873,-5.53022868421746,-4.963230436612354,0.007791195598212746,0.01797833469236422,0.004493495903604681,4
8.301000394276343,-3.3857248077231774,3.305479843129088,1.1683382186230364,-0.0354805149929839,-0.02556068016626332,-0.003484207288846587,4
8.406000399263576,0.27517269114319626,-1.932509515713512,1.889500209284742,0.013339533660661115,0.010592962563165826,0.007150400580396845,4
8.500500403752085,-5.894652616926177,7.858078073760637,2.032133811211842,-0.006294389574371959,-0.0067834089424128234,-0.0017473837642548288,4
8.58450040774187,-4.0135090937233855,-0.06613430832927904,0.8022866391994842,0.010412729502357429,0.006351420688830455,-0.007538555734752252,4
8.67900041223038,-1.826341908838749,2.0304397003156835,0.8659712885878029,-0.0010120875916025368,1.9817783980609384e-05,0.0038096178783972564,4
8.773500416718889,-2.8444354767151148,-0.18727386046088645,-2.690886403350611,-0.011009626840755704,-0.005505037860767157,-0.0020685668670720326,4
8.857500420708675,-2.056473705889634,2.9147262117913195,-2.7424199080624634,-0.011471893736811775,-0.005931052906780476,-0.005056063321727045,4
8.952000425197184,-4.08309683986593,2.824508242895953,0.2404701391755892,-0.002638089984672269,7.420702793189939e-05,-0.004162430659903367,4
9.057000430184416,-1.4008256862151527,-4.651474708860899,0.849377142736111,0.00502253361800185,0.0028640321218874245,0.005109198386761177,4
9.162000435171649,-0.05897001749854551,-6.105013026995314,-1.490986201960197,0.008079629994619348,0.002372971607625242,0.004567550071759233,4
9.256500439660158,-4.488450256830249,5.18479717240472,-1.7393493103288455,-0.004132801634457849,-0.0016123298316314577,-0.0009487515742521083,4
9.36150044464739,-1.018091716273999,-2.3683391603852053,1.7231146119546925,-0.0033452506077589254,0.0014904922842948448,0.0031391822861845334,4
9.466500449634623,-3.6599751873466855,0.1530900129965286,1.425459372108197,-0.004345172289713847,-0.001208861214481045,-0.0028285970144635362,4
9.571500454621855,-2.736493810290494,-0.09367293279550908,-3.052714589242573,0.00561893805034335,0.0016265787538653732,0.004102392124064537,4
9.676500459609088,-2.6353097745574763,2.052430323789373,-2.7918972500456274,-0.0022808167343144866,-0.004034796302332056,-0.0063902113084303245,4
9.78150046459632,-1.8503497271429428,4.749090397732802,8.136168477381156,0.004280538795879992,0.005797425615663554,-0.01553721914251561,4
9.886500469583552,-1.5776784945498201,-2.609765862386913,9.884471470141495,-0.001048892366041622,0.005834021366877121,0.011842039812325367,4
9.991500474570785,-3.154080867839823,-2.199892725855307,11.074454954959936,0.0021466271001541557,0.0018789512033192566,0.0020925004912990324,4
10.086000479059294,1.3775955399177329,4.82197642624561,-3.997109077172084,0.004627534389662812,-5.4630285162456796e-05,-0.013727259399559419,4
10.180500483547803,2.376736900390453,-2.8699091196951136,-6.236183197508183,0.0014785948460785728,-0.0015096836563050703,0.011604461874570884,4
10.275000488036312,-4.900406100759396,2.09881004952638,8.08559965578873,-0.02350729588381092,-0.007092167562361,-0.0010811224710653624,4
10.380000493023545,-1.0274650303930652,-7.434092565233155,-9.056824254265315,-0.018698504444789245,-0.0028862483670182306,0.008066903806349805,4
10.474500497512054,-0.8524391791557417,8.373834536090465,-0.5648396428363625,-0.05150944292410417,-0.009978450882291268,0.002853283835425919,4
10.579500502499286,-5.2819819735340445,-3.877356821772928,7.784266003731065,-0.0004325286395020929,0.0014816778917842925,-0.007486297402736977,4
10.674000506987795,-0.6527030917275349,-9.953550070948252,-0.05824750984802069,0.04800804663866592,0.011522356841462794,-0.014428024310508929,4
10.768500511476304,-1.54523988360639,-5.612130798836566,-0.9618773183197318,0.06420980851212081,0.013209819248587076,-0.0167439136656745,4
10.863000515964814,-0.4104900989463434,-0.6420648386985953,-2.687322308873022,0.0299037448095853,0.011564549478374219,-0.01187578692987756,4
10.957500520453323,-0.7348386851781361,0.2853567443578644,-1.113863736480041,-0.04409838617931959,-0.015884950753746442,0.004357594011088648,4
11.052000524941832,3.7808871967323796,2.297016016601245,-6.204142074344227,-0.0311335725280156,-0.016819856493936306,0.009806374292935485,4
11.146500529430341,-1.1171284984813274,-3.2148204102496742,4.080608992771039,-0.027630660848261927,-0.011750969360819263,-0.00402574469825113,4
11.251500534417573,-2.0540654823531335,0.2905811692738657,-0.7277091248818457,-0.010497460079004197,-0.006304148057923286,-0.006900551888584219,4
11.346000538906083,-1.581033634606561,-1.1596185452523573,-2.705050149992948,0.011243200106833735,0.004891855952312907,-0.002779126662766232,4
11.451000543893315,-0.7203804214409314,-0.34500874770379725,1.3613543920643973,0.031821176019706424,0.018774930762301998,0.01131703325144398,4
11.556000548880547,0.005970806560199763,0.011348120750977006,0.12805203629721415,0.011387338984225974,0.011335312482541412,0.006834283454403144,4
11.671500554366503,0.3995869110783539,3.449893853066146,0.9197829486278284,0.01973127320123609,0.007747251596378658,0.004188246441871942,4
11.787000559852459,-2.765354199890636,0.02637430869793525,2.601659440607099,0.017315107031203977,0.0032249592569830875,0.0007871194875523525,4
11.892000564839691,-4.98733957240616,-1.6735052786409317,5.267586163751124,0.024551800331763768,0.01014107277092093,0.008241387497393464,4
11.997000569826923,-2.1844394981907964,-7.08428719262416,4.987113163613736,-0.001055184402602266,0.003706634931956233,0.005135485823744579,4
12.091500574315432,-3.2440520999040983,-5.012892228210459,4.91633171066585,-0.015381182480755559,-0.001170741772587865,-0.00929846215259439,4
12.175500578305218,-2.530723068199106,0.8173213775386924,-0.19464680205890908,-0.0329765696290674,-0.009094784608574226,-0.015160066223885929,4
12.259500582295004,3.5590314576865114,3.3093069855543527,-6.493192918981082,-0.012907340760782959,-0.001881572717681508,-0.00787461842535546,4
12.354000586783513,-5.608642860344731,1.2185565571729393,0.9487401860387679,-0.004889840861841637,-0.004183308604584632,0.015375863819083659,4
12.4380005907733,-5.507846841336669,-9.694316533601803,9.60023354847132,-0.0009637527423070074,-0.0013391545908816834,0.003502724081250393,4
12.543000595760532,-4.531330619126161,4.720715293544838,-2.312494517407266,0.0077652522315020105,-0.002788420819830164,0.002527903782618501,4
12.63750060024904,-0.3987570452813389,-1.9586607960457263,0.20116851046976408,-0.01970284334382225,-0.004182200950648299,-0.012200882615254639,4
12.742500605236273,-4.6120561587281665,-5.930073315857433,6.386741974892041,0.0077030408001577165,0.002244168237727044,-0.001497505514799972,4
12.837000609724782,-2.9389666416133076,3.483341994214202,-5.4700165905400056,0.009822479986028303,0.002074953092473412,0.009582224709314444,4
12.942000614712015,-3.5563817058823224,4.019628082586359,-3.3067084112492613,0.039874297227910076,0.017261139400169836,0.001371106750487884,4
13.047000619699247,1.362638172303058,6.047094246267142,-7.821391620484091,-0.000764450673852411,-0.0025481753603036604,0.008956935233986073,4
13.141500624187756,4.948869819347883,6.248070717705499,-12.69473800429326,0.004988754753736921,0.002246418134430684,0.0022802284964809367,4
13.236000628676265,5.2258972106461945,7.7390608163157415,-5.031024518456897,-0.019880097437217626,-0.007282921107366804,-0.0027724573733739896,4
13.330500633164775,8.696263758849513,6.960971279147891,-12.03254581371886,-0.01470799111720708,-0.014418916323112665,-0.009853099299255394,4
13.425000637653284,4.091012909875499,6.316391890144596,-7.784741678732787,0.02459235904921426,-0.007315265852293223,-0.001820326454710793,4
13.519500642141793,1.7085232279730718,9.214627044547402,-14.771542098298086,0.032432827092902995,-0.0037617856827482903,0.0036768643332764617,4
13.624500647129025,-6.676677558062116,-0.40208537413032786,4.787407610858139,0.08920371233323587,0.019847693029478534,0.006636388915949588,4
13.719000651617534,-7.222389322024752,-7.51124187661844,11.70253248826516,0.0667599938746862,0.008785289616334284,0.0023698821603798225,4
13.824000656604767,2.5793267292061457,7.76618954750532,-2.629087433493906,0.01731659186492753,-0.0022530071110046825,-0.006464530612586164,4
13.929000661592,-3.900112692453384,4.4156701544113295,-2.1486847618817015,0.04012939821278799,0.017486510346640068,0.000604653679569539,4
14.034000666579232,0.3474499963907558,0.1222390946204485,5.488554162486347,-0.05017479523183257,-0.0078455429648009,-0.0074474653796296,4
14.139000671566464,3.141607214416274,-6.555180551453526,-8.36332735335381,0.0037755811316190317,0.012544721433077987,0.021158395072660024,4
14.244000676553696,-6.337235972300572,-0.028194846443092475,13.077091181555804,-0.010601890808361419,-0.009915088712637922,-0.008430215695617043,4
14.338500681042206,1.6759272010108723,2.447706322549205,3.8732978569264747,-0.03405641253229065,-0.027044161439462356,-0.017209626634413052,4
14.443500686029438,-3.3654439677682313,-2.7682791099077173,-2.536415510565642,0.008874486129666667,0.004779760977442495,-0.0023286657680577725,4
14.54850069101667,2.3716704070806554,3.6363749012199063,1.2749823332834034,-0.06594318465683789,-0.01667583570107459,-0.01152159148640955,4
14.653500696003903,4.292987589584978,-7.9726388705796145,-4.343925385570341,0.060640084213233816,0.02082399143807103,0.030045164208015233,4
14.758500700991135,-0.19417469361105893,0.2856860658923513,4.948125201240717,0.03682449643362058,0.020205722142849755,-0.011202520051549444,4
14.853000705479644,5.290403758439214,-1.0444420234062894,-11.455481949518962,-0.055225783284326015,-0.024607834772058836,0.0005508160423038069,4
14.947500709968153,2.095803093408723,-8.189964718709586,-1.384212080969352,0.05656382794578454,0.012767218665953822,0.014100990826539934,4
15.052500714955386,-3.3725599984174046,-3.767858617647049,-2.4486405364512973,-0.06755203787341447,-0.030474983832912462,-0.0184073973644033,4
15.136500718945172,-1.6365142667442805,-3.86166740110667,-2.292102838121151,-0.07266200417860953,-0.0022694456473879377,-0.006833267359731188,4
15.23100072343368,-2.2180533281027524,-17.083820835156274,1.5037043656811109,-0.17013789596219106,-0.005728704398925271,0.01124771303669691,4
15.315000727423467,0.39156350815945373,-12.427327507383126,4.36683254606312,-0.10696458623465883,0.02284784411488586,0.019777148855147454,4
15.409500731911976,-1.5898576039696217,-6.586029825563197,5.3812726150906505,-0.10997613214087579,-0.0037786709654875094,0.014469615155403867,4
15.504000736400485,-2.0132065059403224,-7.380924580127274,-2.9424404441146867,-0.12492927350461695,-0.007466267036844814,0.021199821801712253,4
15.609000741387717,4.349608256466216,1.661437018705327,3.445642537758,-0.021670521407638033,0.006759078365087888,-0.005551871674477228,4
15.703500745876227,0.5521635771069281,6.370968904406546,-3.002537045415193,0.02027216481847964,-0.005619297293938387,-0.004458749897132562,4
15.798000750364736,-3.103194164839364,8.296392464392213,9.373010976249706,0.05391543159077511,0.008297006506237211,-0.020754384871638956,4
15.903000755351968,-1.2060700684474615,10.965798921288775,8.031289764906521,0.035750824425848975,0.009118658203784023,-0.02010880782137957,4
15.997500759840477,4.8456671676487995,-2.988673775588741,2.6667777589756017,0.044281286096938356,0.015643838001487203,0.014468548198790631,4
16.10250076482771,-0.15735565433364274,9.991398733782654,1.2390057761144313,0.03618462775197956,0.01673852493451148,-0.01779328102144682,4
16.207500769814942,-7.240854277831794,-2.2412992541718335,2.872262387407359,-0.01193679805443406,0.007567702196664597,0.010898962393367085,4
16.30200077430345,-9.378750511022442,1.6741414663730843,4.633361533138075,-0.06293235379588132,-0.025421195317820708,0.017117705653344188,4
16.39650077879196,-9.18778169972837,-8.294904494175814,-1.4856548960419522,0.06550885526499299,0.01814748183552797,-0.0017957469963638156,4
16.49100078328047,-9.534073742580542,2.4574765269185237,1.4777528551710266,-0.08310213702025303,-0.046113568959082425,0.013131471313430518,4
16.596000788267702,-0.04275608033193945,-7.016219846063715,-1.2181949783440154,-0.004308381800300822,0.006608444729200234,0.0061925252852393295,4
16.69050079275621,7.129348482092877,11.878984989055745,6.314003361751207,-0.03821291758408704,-0.01286105560672472,-0.015285375969557626,4
16.78500079724472,-1.9710548209094638,-1.3391325538898435,5.508541146935393,0.00845769282713557,-0.008136694741248125,0.0011154238102478117,4
16.890000802231953,-2.5407990051020204,-1.2546972537981145,-3.780990470667029,0.049439801821145726,0.02342575473101712,-0.0053022646614089945,4
16.98450080672046,-3.734833664603349,-3.759785198486232,10.429244442151887,-0.019406924802074017,0.014246199524107033,0.019133323315592168,4
17.07900081120897,-0.5503736187593806,1.8432364769135492,-8.362968845133864,0.010216008735634139,0.01827709099115397,0.010777182366521804,4
17.17350081569748,-3.3709561959981413,-3.1181603096900066,-3.262507537234649,0.05292033034592636,0.012225756373419603,-0.003477888563014521,4
17.26800082018599,1.6470192901584606,9.861624186669651,13.286596113605984,0.06445530587718092,0.00703662586533718,-0.01745897473683328,4
17.3625008246745,2.0326283609889395,-5.825043367580789,-5.0973953476849445,0.03709675146129137,0.013598592055116588,-0.00391447415121177,4
17.457000829163007,4.269140021088955,14.660213226807391,18.01937558304318,0.03418426459056235,0.013243469047435688,-0.012828050605441134,4
17.551500833651517,-4.430848265779753,-9.124105554968244,0.33472012135540125,-0.06960346386631366,-0.026919907321401596,0.01772711918758631,4
17.65650083863875,-2.8193522368141295,-5.771344563920538,2.45854668739705,-0.10379656506351945,-0.02873927901449633,0.01210491697926345,4
17.751000843127258,5.530239827350636,7.605453995317755,5.934181524277253,-0.07216338892640853,-0.021785887217182744,-0.009395972327820584,4
17.85600084811449,6.892884539621986,9.485782841187746,11.027312114663834,0.046378807302612325,0.015202899642532087,-0.0012893217211896214,4
17.971500853600446,-1.059034065334821,0.6918265872665395,5.808351355542079,0.08876460051842655,0.02067635051607082,-0.009035268578543027,4
18.07650085858768,-1.597983959189621,3.1930087745533955,0.6088723098427042,0.020783094940658015,0.022346875776406032,-0.014507134607360245,4
18.171000863076188,2.070621393359905,7.500231954798881,12.319511639330527,-0.049151157976413014,-0.006881904474751539,0.0073380003963537605,4
18.265500867564697,4.191266083482873,3.3444626750848716,4.235602689672696,0.04104048041005865,0.008435115432473281,-0.01870367854385819,4
18.37050087255193,8.24970880655638,8.404115785516511,-2.415293974372186,0.03152886727370283,-0.005087237764520523,-0.005383980830602112,4
18.46500087704044,-5.2467813109268375,5.0248581984268155,5.255617128988994,0.040902707919061455,0.01919189327335032,-0.006096588164253456,4
18.57000088202767,-1.4604456578747969,-4.037508285827266,-0.18984392108866827,0.0018401185855899142,0.020897719448361416,0.02297845601013591,4
18.675000887014903,8.054994602360592,15.480578813246705,6.976405383991451,-0.007479101797768051,-0.0010987930431556607,-0.004948311466973627,4
18.780000892002136,-4.005352297761032,-3.7725299434675734,-7.873771907597746,-0.04948021106619343,-0.021863994983206174,0.004990650053462099,4
18.89550089748809,10.215429231902423,7.99132371606825,11.829100081497343,0.018767387664897935,-0.012058286228959707,-0.01492503336390488,4
19.000500902475324,-6.846776122505578,-4.282760213381432,-0.892655959029914,0.05111705338447691,0.02645759061084318,0.01312449455923127,4
19.095000906963833,1.5977191891060603,-5.583545526020854,6.846987013258208,-0.0020158606208180285,0.0145693813846633,0.02284183963579813,4
19.189500911452342,-1.6733092671720668,4.511069793017562,7.759159437813435,0.05310123607876312,0.016454270934814705,-0.0037651350867316685,4
19.28400091594085,2.404662987224664,3.382459033079889,-1.2736794632530688,-0.06841808149564907,-0.02488939021844142,-0.016314228455113284,4
19.37850092042936,8.315448272586938,9.644807258193103,3.700942550849175,-0.1233110052286691,-0.03812561422104317,-0.011502236881294104,4
19.483500925416593,3.8413637636866924,4.814028435604816,0.2079744109527671,0.02207485752011998,-0.009291069535035628,-0.025394861182020168,4
19.5780009299051,1.536930724290491,4.893671200470518,6.735406210952545,0.07426505020658525,0.010365150680194455,-0.0013142250438481497,4
19.67250093439361,-0.02212360991768403,7.475887237884452,8.756251944396556,-0.014755859073702771,0.010329709398674686,0.01202956050535835,4
19.76700093888212,2.8251304218945665,0.6948483522121303,4.471021953558596,0.02080974258017662,0.01984807797589575,0.00535151019267193,4
19.86150094337063,-0.9955482743274782,7.019544023686128,-0.6043797792864792,0.0060674922040760615,-0.0059629308943282885,-0.010126703319567925,4
19.945500947360415,-1.9820442058290881,-2.8653868232210695,-5.310979675226455,0.04138231539857469,0.011058121078550634,-0.001592301124933,4
20.040000951848924,-4.0685496749837196,-4.534258655063647,0.05204409876310865,-0.0011333690425349911,-0.004084654355263785,0.013749178614099695,4
20.134500956337433,-1.688835380096679,-2.0170226426858058,7.504787934341345,0.019233037507123893,0.011525406756904538,0.012546874341125981,4
20.229000960825942,1.6627028434738946,4.5029661133793475,6.97133808211012,-0.012638454492538401,-0.004199631727598651,-0.004076702999779418,4
20.32350096531445,4.8332460709226925,10.97444079944753,6.1776948780369345,-0.03671503973321471,-0.013652210036667535,-0.011501200534730872,4
20.41800096980296,1.2286085709505867,9.13068412352841,2.4610937078982595,-0.034465218153239274,-0.01208878709545838,0.0014126416125967614,4
20.51250097429147,1.3219118186849843,-1.771243178148667,3.8639052081225067,-0.027861834553074075,-0.006066372524839088,0.013712399603151945,4
20.617500979278702,-5.444382940734271,-1.7350258915430523,2.02693241920627,0.007272492711191929,0.0054361259283233114,0.010518328738943069,4
20.722500984265935,4.851727587449022,-2.2108772075720173,5.7428130290939015,0.1152026536241147,0.04771230798433394,-0.010576302002469281,4
20.827500989253167,-0.9546276710992879,7.846821753885651,-1.586224370506465,0.06846581782064205,0.021267876164734432,-0.002141288143909859,4
20.922000993741676,-4.454830304732977,-1.3755418268964732,0.08721769780046426,0.017549411744279205,0.013098278494469472,0.011630024202404391,4
21.006000997731462,-3.199563178304053,2.043056918248631,-3.498816280776119,-0.06368727081546026,-0.02320841407353248,-0.011586622040660258,4
21.10050100221997,-2.814595774382153,-1.6580218683313168,-3.8223838321108716,-0.02906484277672149,-0.010781419598447318,0.0006113832900677214,4
21.184501006209757,-1.8018571540180743,-0.9650632418591641,0.8708258870843537,-0.022397156293640457,-0.012468385525746127,0.0035719507141581306,4
21.279001010698266,2.126266328110387,2.5553037789179585,-5.120795250880057,-0.010323446278784306,-0.011785581475435942,-0.0018392848127315503,4
21.35250101418933,3.4373829789688806,2.5304292156689274,4.493846387324314,-0.004466041053122109,-0.005857238203924843,0.0011692626193331398,4
21.447001018677838,-0.11000182384885407,-2.7502165307596695,-2.53450585152167,0.0033357876303568706,0.0014652176854530214,-0.0014786833530378207,4
21.562501024163794,1.6780716925176975,-1.4217046901159773,9.51627877666324,0.028631284764329107,0.017911969321005673,0.00758136358816946,4
21.667501029151026,2.755917706902862,3.4524733557405374,-3.6586877317892723,0.011860257688314724,0.011994379380945202,-0.0012742214033342305,4
21.77250103413826,-1.9549316430128068,-3.291934316550356,-2.8871550009778564,-0.008523619735902321,-0.006263401567532838,0.015336003245698563,4
21.87750103912549,0.638518989650994,7.7659962621143235,-0.460447376746953,-0.04588876360789206,-0.030961502219735714,-0.01933514801203406,4
21.982501044112723,-2.0463579315944136,-2.6181208086428756,3.4479443547307063,-0.0414602876875503,-0.02268636709016005,-0.002675495990267439,4
22.087501049099956,-4.900504726626386,4.657822625062998,-9.419941580617408,0.029411956100074847,0.010517570267192312,-0.0076557630149993285,4
22.192501054087188,1.1467098621849299,0.18186211114142115,2.365633646973449,0.020779260796532157,0.015544968406322275,0.004473978731127019,4
22.29750105907442,2.3025061425573856,0.9298296332058424,4.5512992833268715,0.024729137168653867,0.017020801100120518,0.018209253881697977,4
22.402501064061653,7.596711440965735,9.001223302233814,9.738788246503342,0.03596440476140484,-0.0001301188216652605,-0.015410546773068459,4
22.497001068550162,-1.4448081832279147,-2.4085827646922526,-12.9502872369603,0.10663550150518328,-0.0027538429637389596,-0.000559915667135287,4
22.581001072539948,2.9061106626972317,9.43897429085406,-6.115800910667602,0.13163581335550203,-0.0023661205931456426,-0.02442328742073679,4
22.675501077028457,1.5396538251057734,11.901996785165554,6.792793387458296,0.09451197214394387,-0.006291111189325633,-0.008001708631893633,4
22.770001081516966,-2.4867033044196547,11.052920309819415,16.05034668085119,0.10471822875766638,0.011964864965502406,0.007365248041855567,4
22.854001085506752,-6.274719233574061,-1.329820642635348,-2.9956426973802563,-0.00335489842228763,-0.01737663660105295,0.006661870505557856,4
22.94850108999526,4.490503190615593,9.025085119548784,4.775315077128718,0.07786937376257713,0.02397848622157143,-0.002984784835520898,4
23.032501093985047,-1.1230552060189218,2.2477221807406265,-10.030849303600965,0.06875400457276186,0.012799965908134975,0.0004127773885530967,4
23.127001098473556,-1.0506464898166012,-1.463185688137803,-10.509317373719094,0.013844825132583009,0.004806766979088337,-0.006051445749990915,4
23.211001102463342,3.273860238382627,1.7200320095380217,4.877048155611015,-0.035834888906207,-0.005466761545834414,0.012350105109511284,4
23.295001106453128,-3.891663865438635,-6.520543640676219,-14.350943948047833,-0.058413103744638636,-0.020469078159251555,-0.006924322222288381,4
23.36850110994419,-4.752614801458277,-5.5945703110725,-13.557981713271861,-0.026155172596400496,-0.011131506899604002,-0.00463340077216201,4
23.452501113933977,5.063196015133875,4.154658530217467,2.4580025809938286,0.014781382799161899,0.007969514505538122,0.0050008076475780115,4
23.52600111742504,5.066408398892565,6.923831913129423,2.530787156554018,0.0227474564018521,0.009184393884010544,-0.00042811508735406004,4
23.62050112191355,-5.042240376870199,-8.511780123684346,-0.7516058759531797,0.008236939398819412,0.0026436032054771887,0.010153299699528991,4
23.69400112540461,-7.550124015423003,-10.48609035996893,-6.484394728880475,0.0009875768625874554,0.0008260210188156207,0.010652177543008519,4
23.778001129394397,3.682180010571604,6.65421750279733,0.935666151200187,-0.019439521459082863,-0.004861043037934782,0.0007599418514431375,4
23.862001133384183,5.079706470913598,7.351150979057168,3.602873634000925,-0.01819012646442638,-0.006092731356186072,-0.00809202765807684,4
23.94600113737397,-7.145689860247843,-8.23438180762521,-10.057224890835585,-0.008599433051004393,-0.006108041673782488,0.0006328190473671965,4
24.030001141363755,1.6818743929031459,4.438526347557735,0.5678845602854964,-0.003217393025029556,-0.000771713536424775,-0.0067889480852735395,4
24.135001146350987,4.556023779672128,5.422788443113314,2.8952686125537475,0.02106017194597953,0.012014668537799254,-0.0020446052269321455,4
24.229501150839496,-3.6276955710242804,-6.0381779377066245,-7.9968402167610355,-0.014954312198254183,-0.0038624826010052967,0.00194812344186272,4
24.33450115582673,-5.655849430496807,-9.15879453978964,-8.753890720115866,-0.0003713900966307579,0.0011542815900372084,0.008036234700227247,4
24.43950116081396,-5.490821173773252,-7.881271694928755,-8.08424972856849,-0.01666683104037563,-0.009434428833765262,0.0027743014344388042,4
24.544501165801194,-4.246237419245322,-6.3936218613777624,-3.394279015724746,-0.02995407029820592,-0.003988029766395685,0.008315023064794976,4
24.649501170788426,-7.049355113888572,-7.130547862854588,-14.718000278601794,-0.021622638016360135,-0.01037302142729341,-0.0022512711595686534,4
24.75450117577566,-5.67057372494863,1.3741029240866063,-12.503898472738866,0.01205865687766887,-0.0195516183598544,-0.028327753103432423,4
24.85950118076289,-1.3032657646468426,7.660689949474253,2.9345269617122867,0.015479395060871507,-0.00015955176122645892,-0.022566535102781515,4
24.964501185750123,4.541149232455979,6.461220118918307,-8.914919597380049,-0.007150910624278511,0.0061520938821639035,-0.010450344401199485,4
25.069501190737356,3.93458489842332,8.909716093735232,6.884861950564998,-0.0007370113772218726,0.0020212980668267563,-0.008725688300560124,4
25.164001195225865,-0.057314908576493954,1.6765312334985552,3.3949911032402027,0.007961108803330364,0.008198943150352985,-0.0030739412626035493,4
25.258501199714374,1.569155128815718,9.752001091896025,2.9741705514293346,-0.02210825296151486,-0.012225352608744525,-0.013288038759264934,4
25.363501204701606,2.3520604079201526,-1.2627656834914889,8.777637761834043,0.007265431413281598,0.0023472844396517445,0.002198134074113671,4
25.447501208691392,4.151409506852574,9.656365944415619,2.8135973562922176,-0.015512870410234565,-0.006107380110319917,-0.011060654109353784,4
25.5420012131799,0.8841891541293688,4.50435158411164,1.6732328849147995,0.023593529286247656,0.012659360550871206,-0.0022798127103283773,4
25.63650121766841,1.7437853831689045,9.191003970715604,1.7358305465111659,-0.008341053616894013,-0.006507316261887238,-0.014771497587319632,4
25.73100122215692,-1.1345890741555005,2.841700707722463,1.9945870808430517,0.026218596832409718,0.009910174187776283,-0.0032531241161506755,4
25.82550122664543,2.7491847626575345,8.681142444358148,2.389068271304928,-0.011658829429063884,-0.003057030742322371,-0.011950093878845477,4
25.93050123163266,0.7320796063553547,0.4863595149424945,8.468313732931005,-0.006689096153997757,-0.0005013082538072295,0.0034022927599817875,4
26.02500123612117,-5.413090243572034,-8.434211593256077,-4.197653152252709,0.010805266873916988,0.005462702625488888,0.014286706524553883,4
26.130001241108403,-8.778147960091363,-10.958271277232862,-7.103975809928067,-0.0009861396054202454,-0.0027581517947312304,0.01579192785409236,4
26.22450124559691,1.2767490527073615,-3.71307330411813,4.688910461068942,-0.0023554168630463834,-0.0021568645534660786,0.01636035579433209,4
26.31900125008542,-6.958966584291416,-12.409195316309242,-7.0645355344330945,-0.01667706506601062,-0.005509815919937117,0.016798089294365402,4
26.41350125457393,0.2194506780146539,-3.730464808249486,7.597676482895758,-0.03495883943644285,-0.012210073731074586,0.007801313401205703,4
26.50800125906244,-4.152658287984286,-10.30735188254417,-1.0867026435912535,-0.008198446309027656,-0.0045314355389576635,0.01946854192586979,4
26.61300126404967,-7.3410182343354835,-11.391956698949693,-6.7401412563984655,-0.0028734429365629586,-0.0007609407547884055,0.01882115091510064,4
26.70750126853818,0.3706476857232753,-2.3602742320938295,7.5153135210525335,-0.029477265056990082,-0.012378054846671368,0.0051498489026820015,4
26.812501273525413,2.2283806546416964,-4.426254256655659,4.885248271493721,-0.002279735541300105,0.008685932260021562,0.012374458683506763,4
26.917501278512646,5.192150838706021,4.497170887209575,4.258319134898041,-0.009580532443835697,-0.010335718472401213,0.009348973739842918,4
27.022501283499878,3.555483306983961,1.329458551108949,5.499899185978761,0.05641341055232911,0.0072881039665984625,0.005586790421158516,4
27.12750128848711,-0.03430892824292095,-5.319985539981218,1.9495864920998025,-0.04083095445517245,-0.015034701813866673,0.003101798706047145,4
27.232501293474343,-1.300539818411599,-5.674586414958237,5.0751273994634785,-0.03678899193452425,-0.009302647819168279,0.0065633975610730425,4
27.327001297962852,2.514240361116661,-1.1774026399113868,6.18723472209494,0.00327845573222101,0.006042446898100105,0.009613667268166712,4
27.42150130245136,-3.602784502463487,1.0294753064692022,-9.224295559905283,0.006744579724878293,-0.0006355185626119988,-0.01213510939175378,4
27.505501306441147,-4.730485365144383,-11.570959461065064,-4.267699536080386,0.006268263415241107,0.002225910828770715,0.021518850925527407,4
27.589501310430933,4.176675618019665,12.600662732226674,11.557826958592708,0.008626615034678639,0.007646271453662759,-0.012112842584191083,4
27.67350131442072,-1.2680908613629875,-5.443841116641476,-0.9507353164791508,-0.02442463022519198,-0.010390031553615111,0.010917871367486443,4
27.77850131940795,-4.326953160142128,-6.201086462393907,-1.326488847332981,-0.01373002975506706,-0.0062985953627431104,0.007107880210159841,4
27.883501324395183,-1.515960101715383,1.762311358880141,-5.759472668476447,0.013894830725360846,0.006303574331527824,-0.008305700925298354,4
27.99900132988114,3.0096637491403966,12.292100019119596,9.305318822327138,0.004230620099627568,0.0006272816396277272,-0.012626321192942767,4
28.114501335367095,-0.3723583156674347,-1.7280354526252646,-4.575262983313854,0.0062509257199497015,0.0032697174186395285,-0.006339548819323477,4
28.23000134085305,-2.663965863313175,-4.304797386266593,-5.614683478748587,-0.019150238335527942,-0.008754660745716297,0.0021651800146357232,4
28.335001345840283,-3.1024021797822448,-6.3026186478667,-9.54728762296088,-0.009719694437368741,-0.001486287567650533,0.0004594485406166876,4
28.440001350827515,-0.49146795955736994,-0.34415963109639197,-1.9634523584389845,-0.00615444759121257,-0.0018714529404580769,0.005468251185734119,4
28.545001355814748,1.3138718439403874,3.8951356964907338,11.201269774430505,0.006861311600934607,0.00333228658387245,0.0008813814828426792,4
28.65000136080198,-4.738914602022541,-3.9914800219373863,-10.536871510963563,-0.016120714398914663,-0.00786842752153352,0.00405292386545162,4
28.755001365789212,6.053843487512513,6.657915477708742,2.305947272242231,0.009287769376148537,0.006029726737566199,-0.013428647086740632,4
28.860001370776445,0.11010776766645083,-0.3008412310465057,6.551116309892388,-0.0028791673988610676,-0.002589125888077785,0.007018833153481171,4
28.965001375763677,-4.630089748143591,-7.978765868202104,-6.365627204481139,-0.003976323362183091,-0.0024019377906270407,0.013891901194471616,4
29.080501381249633,-2.4593281013006374,3.2088540055138077,-9.100996903340668,-0.015359208379469334,-0.00786507590902242,-0.012526318578185218,4
29.19600138673559,-1.5245326508939163,4.230508416580832,-0.3728188888270061,-0.020172549517979456,0.0017474628705842032,-0.009829781856128806,4
29.30100139172282,11.98462861986748,8.507701366544905,11.219092050872957,0.0361012187213041,0.01081096518347408,0.0011976200003621668,4
29.406001396710053,-7.248683792920355,-3.2258270270246836,-0.3540941040866198,0.039230076540693236,-0.0017947462692230439,0.01804100106043072,4
29.511001401697285,3.094358409871133,1.327950662366992,5.479509687541821,-9.740887060799048e-05,0.00888299362786825,-0.0043483570823500805,4
29.605501406185795,2.867512403865508,1.9728704602318856,0.05954243453992989,-0.027037746984300164,-0.00299768381738188,-0.011184490758942227,4
29.700001410674304,-3.512977544629659,-3.66145293783573,-5.269401783293029,-0.021372077239990274,-0.00948811348639136,-0.0013612786565735098,4
29.805001415661536,0.6301723434063373,0.0498077164897814,0.5151114172648403,0.006501424567842198,0.002438888532192587,0.013716411872272754,4
29.899501420150045,5.267993342444621,1.6438332954749912,9.00610621237764,-0.007953154937627481,0.00014867630387874493,0.009869843471501735,4
30.004501425137278,3.8328317695268668,5.540661403471262,0.04293485063588116,0.008582711752335933,0.002748653971072032,-0.007828109818958835,4
30.10950143012451,-6.33707803550607,-8.49965859611098,-10.152218037483207,-0.002740907722173977,-0.002361025288203076,0.002020763517263775,4
30.214501435111742,3.1064610337243845,1.0680602964316477,7.114825185599067,-0.012060559688520602,-0.0016147362097215412,-0.00031783508583923224,4
30.319501440098975,5.372217023243166,5.695273756153251,4.619911152751891,0.004988788959470933,0.0004682514088800975,0.009206153075147685,4
30.424501445086207,-2.0553135970268586,1.8914417815426372,2.903696417063847,0.021099906453395087,0.010755526063208731,-0.00039681778452521974,4
30.519001449574716,1.6039777678439417,1.7062510247791822,6.108426704153654,-0.024048714617482963,-0.007895174552039317,0.019340179592957845,4
30.62400145456195,4.097493477185217,10.730210575676663,5.44345239960541,0.010315825263049427,0.0045131619041288975,-0.007380299768594124,4
30.739501460047904,0.03527049042435981,-1.2550772246951365,5.787986903202883,0.013654994634553734,0.009828433901434439,-0.0017434406962061968,4
30.844501465035137,-4.186418541086145,-4.521567680819561,1.3712605168830414,-0.02096843115187405,0.00038438627053226615,0.021665742959116115,4
30.960001470521092,-0.012925875076816369,-1.254878918423706,-1.9525406077872884,0.016409347811943375,-0.006682988819511805,-0.004110957385322998,4
31.075501476007048,1.020103695045826,5.736399076936791,-1.2045001126602268,-0.0003477526299521182,-0.01880042760179045,-0.021360324682590213,4
31.18050148099428,-1.6635274024064568,0.6821771349059058,-3.632177366883707,-0.018137067472488656,-5.7005834549141396e-05,0.0018084670606391972,4
31.285501485981513,-3.4968796017073767,-2.3915355180438804,0.21007269294254874,-0.01604934105857777,-0.004145000345796384,0.01701306750010386,4
31.390501490968745,-3.09166337540352,0.0245042910588522,-4.366501243605849,-0.040198109981558774,-0.016723131504134202,0.008832998685167,4
31.495501495955978,-3.9157228588672743,-5.383797476796725,-4.798039151292194,0.0350299949890641,0.013417362540489934,-0.0030010360684108285,4
31.60050150094321,-6.07387116466988,-5.533236289657941,-8.757041757288558,-0.048845021899964605,-0.01993392702907836,0.017762991102514107,4
31.69500150543172,-2.75121122486457,-0.25064710438232896,12.0980407945315,0.026770396875065668,0.017000112276902863,0.003798956013990228,4
31.810501510917675,7.847380131542473,5.27112025930013,5.546975462333909,0.022904701615164738,-0.00040883670186491145,-0.00814751369785971,4
31.915501515904907,1.430445645631372,3.971337075123968,-1.6878565028552495,-0.004776982438931226,-0.003249337999847455,0.0011046760122561793,4
32.03100152139086,6.625449582683233,4.122180476927359,14.165167020756607,0.03440448290179181,0.010412387018351189,-0.006109937154522624,4
32.136001526378095,2.220225856177442,-2.139706488906121,-4.730846439513949,0.04242410180908755,0.021168282685242408,-0.009388432194635423,4
32.25150153186405,5.2648036037642685,0.025459590736771256,12.860364967152877,0.005470473679388662,0.02537991446607985,0.005435834312270313,4
32.34600153635256,-2.922473096064967,5.61078381306355,0.250234911470847,0.021059622162798473,0.01187592068099907,-0.004789861623733338,4
32.45100154133979,-0.04580267191987504,-2.3047755531699927,3.9095099910934605,-0.06204706857241993,-0.008055024927651293,0.016045765977884777,4
32.5455015458283,-6.903824173568452,-6.643624237877782,-2.8103433939729814,-0.20545575544377342,-0.05093243410534736,-0.002453628657748554,4
32.64000155031681,-2.700555645064199,-6.3438357002722645,0.8010962792671554,-0.15352159608033747,-0.011463833038133387,-0.01484372754206061,4
32.74500155530404,-5.673083385152995,-14.444696899668727,-2.9770636775676564,-0.15291617413889558,0.005441338774161726,0.011962988522164581,4
32.850001560291275,-2.8792915478094274,-3.1374273401517816,1.3094431348432163,-0.13259023097771444,0.001050849213964202,0.024324084035321575,4
32.95500156527851,-1.2293361817132014,-4.9163621879238795,-3.162002440393746,-0.11247228402498574,-0.0011217510362065617,0.017555632369890363,4
33.06000157026574,0.4978560450991311,-0.4364760338903536,-2.1110209554317763,-0.004190778593816666,-0.0024747554006124546,0.007407782006364648,4
33.16500157525297,6.331771833766466,-0.559327671534554,-5.6796102777175035,0.03880558059952087,0.000739721280685711,-0.006797230006532737,4
33.28050158073893,-3.4981905660547836,3.311238392812206,-8.103129899807337,0.04060052517393923,0.003202972822301088,-0.0006980005354256676,4
33.38550158572616,-1.0927925138181451,-6.0517059706857985,-4.443379304713084,-0.008984523771582932,0.004300233273431841,0.0008296033148619505,4
33.49050159071339,-1.6522693448262946,0.36676205549688545,-2.1197353992557297,-0.0007714876110735556,-0.004410118944768894,-0.009001750064662143,4
33.5850015952019,0.4313881849033015,-2.3646206418707267,-4.454382132977254,0.040314824000896594,0.002983176456923402,-0.009775601948073127,4
33.67950159969041,-1.9691470444805803,-7.52924658830835,-3.348489813374641,0.0024153022077997377,0.004953891066207301,0.0009855370217194603,4
33.77400160417892,3.9028837292736025,-13.378803009351186,-4.640771020935928,-0.03159383337302476,-0.006746446709914067,0.006720870212415083,4
33.86850160866743,4.75375560035066,-10.080842413601397,1.3180590844894182,-0.013780851304771049,-0.0007500219485424354,0.0007461936111563968,4
33.96300161315594,3.3000326892191647,-12.874182364399203,2.2354811613792243,-0.007546759579057532,-0.0012525647054434721,-0.006309806057387584,4
34.05750161764445,-1.1341001992735447,-8.002337837007522,-0.9882168381075644,0.016398442866550643,0.012757866872400003,-0.011396697738635454,4
34.15200162213296,-2.4774922161712376,-0.9315079117402931,-1.241178594124502,-0.0012846485286824969,-0.00037276418504090945,-0.007969072211021158,4
34.246501626621466,-3.473926321038685,3.414658865827853,0.6912898153838443,-0.012378578627848372,-0.009259691287644988,-0.0011973654532313124,4
34.341001631109975,-7.985035165530946,2.5833070496153265,4.928014829845967,0.004792079701787439,-3.365945599027999e-05,-0.004340002176827981,4
34.42500163509976,5.130595044366967,-3.3669791919440923,-8.585023675998352,0.0025001400383324515,0.004245894115143785,-0.0023469864154241514,4
34.50900163908955,1.178356519538034,6.645094152921008,1.6411943572534209,0.007344997039081475,0.00164704782131816,-0.001794923300740079,4
34.59300164307933,0.3152183560673702,-1.9555656149673393,-1.6162224587793126,0.006752858535040719,0.008222428412908973,0.007345205886375257,4
34.67700164706912,2.6614516865002478,-1.3112712387602863,0.457422046429298,-0.00979313367291593,-0.007261577220563514,-0.004643503354772043,4
34.761001651058905,-2.7485573749221244,6.969209864839885,5.806813365745787,0.0072267255881798996,0.002430315603160342,0.0010098787717369242,4
34.855501655547414,-0.7392519398986608,4.468989519004721,4.2388253194296865,-0.022928007864743357,-0.005439406860840479,0.01655888248228136,4
34.95000166003592,5.198373857499098,1.9362574626101503,-0.5357945962980512,0.00804792246627399,0.00450658525200587,0.010047443175059833,4
35.03400166402571,-2.620898552734517,-3.8856768659805834,-2.781240949169154,-0.010438750244233175,-0.00447391088971514,-0.0031435567669191532,4
35.12850166851422,-2.7832667301638456,-1.4696569587413697,-1.175837611296186,-0.021209652504569722,-0.00525959733310447,-0.003271262899024398,4
35.22300167300273,-6.232238742584623,1.258892099495141,-0.7907021466340223,-0.007016039319682803,-0.005876214390462281,-0.007501712368168819,4
35.30700167699251,3.1199153444964627,5.438196025136264,1.100827590647087,0.045545599298759384,0.015234344034591858,0.008378160996108209,4
35.40150168148102,3.3641785552847434,-1.5096819988064243,6.600412399348422,0.12274430195310072,0.04435731678627938,-0.009128127516904044,4
35.475001684972085,8.478235681117377,-3.010460543137807,1.2029093071814463,0.021833943342549962,0.008105677660005941,0.017727051570117933,4
35.55900168896187,-0.18569790549853346,-0.8481688136506983,0.615664019373641,-0.01765934918948772,-0.005011467251299812,-0.012813970008700395,4
35.64300169295166,-3.6320057313241327,-0.6497334229192904,0.6834010659482073,-0.05101856889215666,-0.019157894471606325,-0.0034050977881049426,4
35.72700169694144,3.2889491241893873,-0.9557451304086428,0.4159796666848326,-0.024256738861682874,-0.008744708098242493,-0.009811262071223693,4
35.81100170093123,-6.096095740290672,-4.998354171647173,4.401141642296277,0.020509282230904927,0.011915971211154057,-0.0002866010273268368,4
35.91600170591846,-1.8198665087462633,4.191604917679762,0.2950461309505703,0.0020617875596330706,0.010765562140215665,-7.405596899692374e-05,4
36.03150171140442,4.839718900275514,5.553937508224719,-1.2911887148826584,0.012036717081623646,-0.004059641969354725,0.004767748337715468,4
36.13650171639165,-8.111710520859425,3.5875441618829713,2.0095194881142335,-0.03995227708023993,-0.032422142211657,-0.014024450079415777,4
36.23100172088016,-0.29821233440090006,1.9777016276918171,-3.645229514189581,-0.0020904579264856204,0.0032263765972786688,0.0002014638804279852,4
36.32550172536867,2.6591952109456107,3.927965626199752,-2.1349469643456684,0.020005750410621886,0.01636802524730054,0.014936663644305747,4
36.42000172985718,1.3254985398056025,3.614331194669547,3.7254295477521184,-0.0013917029778174926,0.0002759801980631381,0.006657323231087512,4
36.50400173384696,-3.0771375007772446,-1.358157243077478,-0.7130428452845425,-0.0026741698389608597,-0.004895636975208185,-0.007433511214299655,4
36.59850173833547,-7.829935021113824,-4.03229470047557,2.1841492264193727,-0.009855392577193488,-0.007649972574246711,-0.006085039507147335,4
36.68250174232526,0.3719078881027764,5.5920275104442085,-2.104268020287946,0.012791819683423388,0.009662994145907561,-0.0005742358732247582,4
36.77700174681377,3.4039418951982463,1.2616212160471374,-1.5613604328287591,0.0008481872397175962,-0.0015194460963893052,-0.006516358888819743,4
36.86100175080355,-6.204580794283463,-0.07790958401646753,1.3415304023055268,0.047843474201041375,0.022297796156592525,-0.024715354353514147,4
36.94500175479334,3.2040334369478503,-1.3088013498345599,-4.197434159410288,-0.007786308609525112,-0.0040081416905439,-0.002890848945444331,4
37.03950175928185,3.059171840276644,-3.90355302767356,1.1243869108032454,0.022978683198973587,0.012557618650142847,-0.006196393876393818,4
37.13400176377036,4.818003314673667,-0.7952784469034077,-0.2129963850814979,0.024544751571542553,0.013817427152029818,-0.013289637295288967,4
37.23900176875759,-0.4162495551436199,0.6509250463703908,-1.2512530044944405,0.01885446925278088,-0.0051403764285280675,-0.010870929376713198,4
37.3335017732461,-2.0592163323939214,-1.1232331832511888,-2.019341397706825,-0.07316186265567336,-0.03954270265744581,-0.004800496454383793,4
37.42800177773461,3.2030168796461473,-5.0916730127795145,-1.2829249443986637,-0.08220148476075287,-0.03019556552758155,-0.0049990240061820995,4
37.52250178222312,3.3159489389430017,-8.452797950238745,0.5044657302676765,-0.067470466517116,-0.028757145042490485,0.0013060311699399812,4
37.617001786711626,7.3994709305416855,-7.730100946589686,-1.3967563936676306,-0.06232384616929545,-0.014535701759110141,0.01782478259094116,4
37.70100179070141,-0.5021380305868458,5.945327604267372,-2.1307506392461493,0.03235235284130085,0.016510179680648465,0.0008063904776656442,4
37.79550179518992,2.554865020138123,8.512078217401333,2.1235830083750122,0.041384622052264376,0.008191725464138865,-0.0013130335338386932,4
37.87950179917971,3.6662137028664006,-6.1070232272296,1.6767966443244926,0.08591216526695018,0.04046017563227106,0.0031078361652782027,4
37.974001803668216,-1.6635758612782658,-1.617143895516147,-3.3439172554136363,0.004529244368925534,0.007186561995386119,0.009109479024230788,4
38.068501808156725,-1.7680088574365183,-0.6121675704317739,-3.3112706315847418,0.00903724627869156,-0.0061298114409231216,-0.008984498887519015,4
38.163001812645234,6.909994112212871,-2.4058516449672593,0.9882372965798492,-0.02574254803487919,-0.01942844968607271,0.00011488837863387575,4
38.24700181663502,0.12095171443148511,7.104245226691613,-3.036348847526462,-0.018585383860625408,-0.002453659381710638,-7.136607848872068e-05,4
38.34150182112353,-2.39682673665743,-2.884099783814811,0.05671653477153329,0.06478656395971343,0.03048730068516596,-0.021836851857772167,4
38.43600182561204,-8.404146785818499,-3.0516666306991813,1.2621457249982215,0.03445884522380655,0.019178324775475968,-0.010979852839033664,4
38.53050183010055,-1.258922220110286,-9.939020584667494,-8.071358215294612,0.01786501265079607,0.014441337500315626,0.0033068483564271545,4
38.62500183458906,9.750085642131475,1.5253657066565445,7.005594039927214,-0.0008755755816172426,-0.01093426389615295,0.012737124543148928,4
38.70900183857884,-11.888578438675019,12.359260829765617,-0.33202923330373946,0.07146105876687521,-0.009863367765434672,-0.03621110436132232,4
38.79300184256863,13.066065133630168,22.048677876400397,5.1178522908859385,0.03469296020431597,-0.05730956001509221,-0.027219626419464776,4
38.877001846558414,3.7376216250503056,-13.04067009115633,-8.922998417536581,0.2484260928532995,0.014191978338587161,-0.045631877325975546,4
38.9610018505482,-1.113124068049792,14.323423549866643,-0.0868712049071285,0.2745918892274579,0.027157246934167913,0.01576500752300768,4
39.045001854537986,-4.1411438535582406,33.78957153835859,-1.008263326218315,0.1373580272795381,0.004036063736485565,-0.006341670289697252,4
39.12900185852777,-10.59256862803992,5.862520108215389,1.707452277008139,0.0366791594906876,-0.009414710685920735,-0.01133243231857796,4
39.22350186301628,-7.486642298205509,4.093053164187468,0.9769711389733733,-0.07403943397109396,-0.029896194428165306,-0.013030624419330974,4
39.30750186700607,2.8815740578902815,-6.113287799215244,-4.671188466219833,-0.0526821893821514,-0.0006232798740324738,-0.0030011861265049258,4
39.402001871494576,4.256597143182095,-6.506481142432548,-4.656708881427057,-0.030897626225827254,-0.00957810781267294,-0.0028739506082139346,4
39.496501875983085,-10.589449880244949,6.169156625504666,4.618489835942522,0.04986407918546466,0.007588944698314926,0.0019408009678099896,4
39.58050187997287,-2.5803566027137204,3.2271308784359203,-4.717184024447788,0.011139046972065027,0.012492050295427475,0.01579826993078412,4
39.67500188446138,-11.571559915715724,10.488065874629358,-7.122638342907483,-0.06192801791574945,-0.01780058451089093,-0.010111266238371525,4
39.75900188845117,-2.4758338264744086,-0.4153731132035868,-6.439340139160408,-0.011561660141395995,0.0021054014331633258,-0.0058735503291989215,4
39.84300189244095,4.898184309574497,-12.263304016102984,4.76011114254361,0.011138286066030846,0.009858904051987059,0.006186890833136127,4
39.92700189643074,4.988842191331333,-4.454596770479121,-1.9760707774421078,0.005390839990289316,0.005637549850095077,0.004601125658549065,4
40.011001900420524,-9.041638812553812,11.095358735987249,2.337769017388131,0.03568694025911869,0.011806979273432876,0.0006101047448234865,4
40.10550190490903,-4.177597421538898,4.796533892596381,2.7711226507281745,0.019126787092782736,0.004885286651076111,0.002845704657537843,4
40.20000190939754,-3.279017171590923,-0.7807758623800579,2.7086222235272235,0.010762945000127352,0.0011753479348840564,-0.004378745958933893,4
40.28400191338733,-4.183699949457397,6.7713936833269095,-1.2511977167347008,-0.010363097230935835,-0.011439194762173425,-0.004358212487262391,4
40.37850191787584,-5.068034286280199,5.139757291426728,-0.928230212533411,-0.0035769059394603875,-0.0026843446953276565,0.0034603370477629485,4
40.46250192186562,5.705408373684126,1.031745431666419,-2.3539421820676942,0.007384465626688867,0.005709102595595915,-0.003142751631529097,4
40.55700192635413,2.8336698714327557,2.722701609438401,-1.627017668575731,-0.01893916481848091,-0.00499864458560229,-0.002477548556609928,4
40.64100193034392,0.9676797723545963,-13.015775668927274,4.6411430496555415,0.005668033812187842,0.0036509009027202765,-0.007266646600079879,4
40.73550193483243,1.2958140807294742,-7.290096009363152,0.4143227958922284,-0.014052142771849014,-0.0026128864818462426,-0.006649050768738458,4
40.83000193932094,0.4784420042674736,-1.9334761581448736,-3.040343361051101,0.003458755212959583,0.006209804053992873,-0.005907439104375603,4
40.924501943809446,2.8614009412605057,0.45734027850926845,-5.040904549026832,0.025512736423495552,0.014573340738957866,-0.006634531306161095,4
41.019001948297955,0.8193822394188474,5.13400490012437,0.6670468179463933,0.003752343497379882,0.004909374099229012,-0.002380922827800448,4
41.12400195328519,-39.22595564913493,-179.03159616873145,-90.91878198504948,-0.26686330265589975,-0.12846363468999739,-0.09243931055641046,4
41.2185019577737,-45.56917460836948,4.133440560048749,14.898446128291122,0.4120628329304957,0.1655607296028549,0.018366297076330015,4
41.32350196276093,2.8533780584522606,-2.081680022071004,-10.885955363432297,-0.1607078640898668,-0.04994939597307977,-0.04951369095186607,4
41.41800196724944,58.01804562650051,52.66906662384547,58.26201289937899,0.406908967624629,0.2668057896064539,0.33885897290706674,4
41.52300197223667,3.384301081644873,6.014659852273174,19.00970968947378,-0.1516895872625661,-0.09084082385651285,0.1487306297372657,4
41.6280019772239,-17.90632840005702,-13.567602113665957,0.6173289997164322,0.09666769336417219,0.052903021191312134,0.008115351945863089,4
41.72250198171241,26.046933358857725,-25.412898858319693,78.0204268437774,0.3532799034614466,-0.07957644860992942,-0.7539169637123038,4
41.81700198620092,-12.808560683476468,-398.3293107412166,-223.87902398847018,-0.0883252404356099,-0.0202190314591615,-1.4554905923391053,4
41.922001991188154,-28.487255980895196,-48.20063773643739,-79.28663936028377,-0.38997336136522914,-0.04565828035835078,-1.3915863027489965,4
42.01650199567666,27.99508435433149,-3.724060553816466,5.25773652428435,-0.3515048796363141,0.019112350878577447,-0.9112452378820634,4
42.11100200016517,-5.959434930152814,4.678889766141739,-9.77237678803348,0.36957543123855013,0.013085124493665848,-0.37701597151998506,4
42.19500200415496,-15.993211536541766,7.944329331239948,23.562884075952486,0.11074711126441064,-0.010998282090716037,-0.3242968559111961,4
42.279002008144744,-16.13724304238223,-21.089747758306057,2.1088665443558994,-0.310439175937823,-0.01216697252813916,-0.03160325854731457,4
42.37350201263325,1.858899649474729,17.638023852654193,-36.741663795626174,-0.1349684545895404,0.024497459216030536,0.35344721661907813,4
42.45750201662304,22.015263115964483,26.54048755553205,-33.75151938289326,0.12852025990037783,0.05794604403814029,0.5800627093366065,4
42.55200202111155,-108.34073101951888,-68.49788157362798,-89.56964522717637,0.3700867442839695,0.07507581840830418,0.0832751010654818,4
42.636002025101334,3.021235386025377,-111.81037212452524,-26.372251163816458,0.7097599685624133,0.05597728152489796,-1.9034540932861157,4
42.73050202958984,9.755286603478194,-25.496657624692148,-13.770539080988412,0.2011274685393906,-0.002635639507115374,-1.7293154465139255,4
42.81450203357963,-3.369716313203063,4.462730165603613,-45.833399578979396,-0.4591670076713637,0.13099710597237582,-1.6669235632771682,4
42.88800203707069,-4.48284154021751,-112.94161633671877,-3.9244057254798816,-0.7694729876015484,0.36167778281001556,-1.0981901002979761,4
42.9825020415592,-5.984793560180332,77.21300928034327,55.95167748337819,1.2355157847385763,-0.2256672240530514,1.3366405644615118,4
43.06650204554899,25.490250363888777,48.10561086124185,4.219689929369435,0.7168288407256301,-0.0579993656922433,1.0837259131259793,4
43.17150205053622,19.17517127042554,1.653522508181048,-3.0291839693189297,0.454907291219603,-0.09401571396137022,0.7691180216848627,4
43.26600205502473,14.832544581410174,11.849630745335228,-12.047607881992278,0.44500618725458907,-0.11947592661084228,0.5382131312170947,4
43.36050205951324,7.206759904446834,26.43348256515715,33.46076897344426,0.10984366859483491,-0.08774268712438399,0.38302372756374875,4
43.45500206400175,14.62748715680248,-3.417112274465884,-36.816620210937906,0.11068858700733218,-0.03649318561661298,0.22795483693461865,4
43.53900206799153,5.59085343632145,-10.229320067514237,-1.031476227730345,0.06494063672985985,0.00834055751897162,-0.006824490241963662,4
43.62300207198132,8.432745133104133,17.501276488416433,-7.964857408205119,-0.3335397696231302,0.029999035422475378,-0.13164140257082288,4
43.71750207646983,15.538472899153197,11.931250159534256,28.94127746668464,0.16746173387557667,-0.08840512580948609,-0.16636795512364771,4
43.81200208095834,-5.308961094703864,-4.453630637254216,1.5669379861832247,-0.5504911793176289,0.08385474610452762,-0.5805704568471945,4
43.906502085446846,18.228576570744135,11.730167654226163,0.9470888988250156,0.0068959744929247635,-0.055547685508501025,-0.5483091026373783,4
44.001002089935355,-22.77401916929025,19.28654532349378,-16.893584675864282,-0.06167661947018346,0.01936581249553145,-0.4168803846179724,4
44.095502094423864,7.170567340344876,21.306680298950862,34.275020062414725,-0.03125681753157105,0.04030756647242524,-0.39627628955709876,4
44.19000209891237,35.98076595792267,-31.19272825192524,-15.178104967022309,-0.2631042254038669,0.07201755256469619,-0.25392661262997435,4
