145911413,0.00888153436410959,4
251.3275119374157,-2.0354027029745456,0.010731915176203768,0.8800283363873421,0.027475565591383252,0.013709951094964104,-0.0029311542737171185,4
251.45351194340037,-0.7982426842116653,-3.4913099156511658,-0.08233764510392556,-0.0020834006516093568,0.00020943764191101185,0.0010877129159632866,4
251.56901194888633,3.006889297305389,5.5765069197256,6.918538570589087,0.0006759385702998442,0.000366670642936136,-0.013878248090467173,4
251.70551195536973,-2.037958605668342,-8.35845469082211,-9.773319967329094,-0.0033886007377178272,-0.00029388424249305705,0.005790676986235068,4
251.84201196185313,1.5234838556066934,-0.11848176770872068,0.05663333104669516,0.006123960786312527,0.007706469999559394,0.0006005753063537536,4
251.97851196833653,2.0460276870354015,-2.2286295802054807,4.647263854211496,0.017229562697767948,0.010446120197799481,0.01807297292621105,4
252.0940119738225,-0.17749400515626615,3.81606244203128,-3.574780168018357,-0.0037583121074740732,0.0021095059138855985,-0.0049846811346106,4
252.22001197980717,3.9414100525345623,10.04654661727239,8.961891361482342,-0.04194568496327146,-0.010850637509011461,-0.005925813191514206,4
252.3250119847944,4.5814595210855495,7.926216107398429,12.625319898139795,0.014259486209606133,-0.007992405033287893,-0.005257350969545969,4
252.43001198978163,2.2849333220480075,-1.9186161557993355,2.4199811926000696,0.02779773924205855,-0.0020643241749456996,8.194634977009673e-05,4
252.52451199427014,-7.054747604862761,-2.0877477812321383,6.301882743251899,-0.014716419337688568,0.0010709961982487803,0.012884739859042905,4
252.61901199875865,0.27420746747534797,5.402793992448667,6.9390405611018915,0.00018555213144340018,0.0068555314228581025,-0.009112263328939876,4
252.71351200324716,-1.7791418563215453,0.04503337316498959,-1.3346743722043077,0.0044852159022284125,0.004727248284110713,0.003923179988000989,4
252.79751200723695,4.238845197064346,3.796359975119319,1.8622876933282804,0.001793487510438077,0.005481374445347675,-0.00012743731943940683,4
252.88151201122673,6.344359044780838,2.995779059739917,3.124467990040632,-0.005337346942609286,-0.001307934326295072,0.009394304327217754,4
252.96551201521652,3.7838992039542627,-0.6934447485117645,4.738688068252754,0.010207103051481361,0.0039107694270063284,0.00894190188857052,4
253.06001201970503,-7.066399788858494,-10.098873824485766,-7.081151614604856,-0.014645688002151649,-0.007092230797383815,0.007668908999513329,4
253.16501202469226,-0.6500758324851754,-4.060782046100205,-9.37741995353381,-0.01402410249245359,-0.005155644245449247,0.005955307508374558,4
253.2700120296795,0.025451504928957716,4.171647709645529,-3.9636864122286815,-0.006475245940388494,-0.006472905498003026,-0.013229566348147094,4
253.37501203466672,-0.09560437086381096,5.8629869674395545,8.72891947799297,-0.0043913124710269974,-0.0021700258257436006,-0.010893968190302625,4
253.48001203965396,3.3152271865208034,2.8879868720255213,8.61395137357022,-0.01899942336712584,-0.005382732091700981,0.0009679232519985362,4
253.5850120446412,3.836176679889884,0.7262471949168008,4.123481046548293,-0.005001232461186018,-0.001252573095991349,0.010432339278641675,4
253.70051205012714,2.773732267838787,8.10767240634625,2.7345921606597288,0.003870732264130143,0.0015886756847886146,-0.019870599310570024,4
253.80551205511438,1.5494900683305786,3.7070375021392823,7.515523268180133,0.020116481202939875,0.005849620396325675,0.002955031607845867,4
253.9105120601016,1.2195815936489842,-2.73371858280703,5.49146142383627,-0.010513636969352485,-0.0034611004271217303,0.010061005530751071,4
254.01551206508884,1.3621743484577338,1.037899538126199,4.27080926990052,-0.03011893108594724,-0.008161626853911608,0.009640949527309215,4
254.12051207007607,3.318644246218745,6.779437583917425,3.5204331187682043,-0.0031738860087356926,-0.0008553135759875587,-0.001958525724667927,4
254.23601207556203,-0.2114091459173347,1.8910466511718702,5.569024305641615,-0.008052857214006408,-0.0025808719975721735,-0.005513500507721139,4
254.35151208104799,-6.939058516841409,-11.102834916075768,-7.412825924921525,-0.005541750728457452,-0.0016032537606431399,0.01210796560387578,4
254.45651208603522,-7.347453989151848,-9.376665981609673,-8.34785490013493,-0.005124369434634977,0.008064934477548058,0.007285532042027385,4
254.5825120920199,-1.0709512941741215,0.998879124629213,-10.295575846929172,0.037986213072126414,-0.0037735455321213853,-0.00821268487417749,4
254.69801209750585,-3.3430444551156984,-2.977798497629319,6.592369078427476,0.023996545280240263,0.003166649635124537,0.01785143091239254,4
254.8135121029918,1.9210616639567266,-3.905314251673723,7.589615137217494,-0.056319069285068205,-0.018270688175203907,0.000862558189764733,4
254.91851210797904,2.6167591418323517,-2.587852633391,5.275351120864272,-0.03138611953226298,-0.007897442817792857,0.0013089548912220991,4
255.02351211296627,1.0703452672796323,-4.072179523335824,2.7033404094292783,-0.012403930493201052,-0.007334932880214426,0.005366532653280822,4
255.11801211745478,2.9387685445282674,10.784241666049713,8.350981694881996,0.02197482392631883,0.009200711740557048,-0.007614484962846146,4
255.2125121219433,-3.3420621198531495,-5.678703149596317,-14.070160943581124,-0.0047574773356243855,0.0010971020743836032,-0.00018943784046463453,4
255.32801212742925,0.8339007537156957,7.43322593617749,2.6528553993428914,-0.008281106269287459,-0.003497283787803437,-0.0007019778037989739,4
255.43301213241648,0.7578015203387356,-0.9752895517258953,-2.1558215394463836,-0.013235669973864625,-0.006201072090828706,0.011279915665395318,4
255.5380121374037,-0.1184656380954924,-5.786018182720689,0.6418960052424908,-0.006619309935998579,-0.004045796847606026,0.0029933821168993883,4
255.63251214189222,2.9062213653117848,11.901982432731415,6.555197448167549,0.004774713346226446,0.0007570297073037018,-0.009565614602522197,4
255.72701214638073,-1.4129889822513098,-0.6053950288179493,4.633252611564841,0.0003178051253641381,6.896536458764901e-05,0.008433503324329444,4
255.83201215136796,2.1218523563173832,12.194732077778756,9.590111531067812,-0.0043284517427961515,-0.0006142815040381723,-0.013122750717263076,4
255.92651215585647,-2.6018562099101,-1.8134414088096245,3.2306846521127563,0.002896778344464713,0.0013911440805377243,0.014398903118023422,4
256.021012160345,2.868072595917943,0.2835370667726115,-2.842333568434096,0.0010527779207491889,0.0011451898053553746,-0.004695504407073497,4
256.1155121648335,-1.90506669034042,-4.174474057929293,-0.7244025633417135,0.018563241477792727,0.00744397323384035,-0.002389614882086492,4
256.210012169322,-2.5026600386746187,-8.420933356715326,-5.502180120271304,-0.02680945276889678,-0.012088293037153582,0.010659959216876621,4
256.31501217430923,4.718642549153822,2.232868383825453,-7.11189616344025,0.011644476614095378,0.006422446380575076,-0.008154245065952815,4
256.40951217879774,1.0395044636692699,-0.8494721621954214,2.455273317358633,0.004611654942513898,0.0023256869783770083,-0.0020613939134135908,4
256.514512183785,-0.6826983335655867,-0.3882346414041161,8.94789862205607,-0.005256394026291295,-0.005609183557955705,0.006761755978540531,4
256.6195121887722,-2.2605861789858035,0.45436071911546744,-7.815285748080068,-0.020036886074915595,-0.007478007481505791,0.011865649435643132,4
256.72451219375944,2.202324226749299,1.6107569271780624,-3.733661055339469,-0.0031627485784272765,0.002539893275797516,-0.00498186172615182,4
256.82951219874667,-0.2837791962368197,4.603374692283076,-3.1976091910663014,-0.0069901731656147265,0.0064948571488019175,-0.00896472726244116,4
256.90301220223773,-5.787880014303848,-2.391080604208486,-11.985091495148291,0.016383783452440553,0.0034896540011029355,0.008166716473718543,4
257.00801220722497,-0.424760816042636,4.395755564805767,4.710384932194277,0.06112134830995056,0.007534673122637643,-0.003266635684988156,4
257.1025122117135,-6.112599998113587,2.6751882662407587,-6.63144264199362,0.010714858163571163,0.004860213278059079,-0.00461594673815677,4
257.2075122167007,3.4760776025047417,-5.010385079165436,0.07468481559593804,-0.035520563004331436,-0.0051765730177099,0.016777472168230823,4
257.3020122211892,4.537347332867096,3.147125444173895,10.017135562914257,-0.00945136590069822,0.0013566757077802143,0.002869186536244716,4
257.40701222617645,-4.367651918771179,-2.2817533019647667,0.7269327746170243,0.005529603775109142,0.001144697314601494,-0.0047899314402102666,4
257.5120122311637,0.6245108941511538,3.2750442451932797,2.022357726085421,-0.011224616498777642,-0.0006226267043516354,-0.01141268228274059,4
257.6065122356522,-6.050334744457516,-8.335675965606896,-9.939451223263177,-0.008507557660918087,-0.002559398894425808,0.005034852967253871,4
257.7115122406394,1.8812396230039952,1.9681405653888513,10.66931439804521,0.008133858646480816,0.00033760640114695003,0.00494177453867218,4
257.81651224562665,2.008081449875428,9.208721596447978,0.6976842309988311,0.0015766178073900895,0.003870173555984084,-0.002918775487428015,4
257.9320122511126,5.706706991880785,2.639321278784953,6.129182623401893,-0.00024799172500222766,0.00024878356157361897,0.013881667297295803,4
258.0580122570973,1.113023656675599,7.522065557573697,3.860290321465303,0.02585729642129391,0.013201742334806402,-0.009771090940700913,4
258.18401226308197,-5.703043242783222,-11.021152485535794,-6.689788602661342,0.012565695568228532,0.006112326700960319,0.00795211656838007,4
258.32051226956537,3.24434765168576,9.497254786114262,3.9921080311240305,0.028701399483401977,0.01248288249134428,-0.011320439525363922,4
258.44651227555005,-1.5074781183599852,0.3877954492647594,6.214213434673301,-0.01732028076430885,0.0038600662706492423,0.005133172538560946,4
258.6040122830309,-0.23902688024136598,-0.4440329103530697,-3.518892464156519,0.028291415134342753,-0.009313953356275268,0.001984046159889317,4
258.751012290013,-0.41938256105076105,1.7266580134853298,-8.096837948373869,-0.017865548315635412,-0.01003492913209572,0.00021052106759924895,4
258.8875122964964,-1.9932879903401184,-9.083116385778665,2.8431861452781932,0.013687733094569552,0.012626575565956866,0.011765489929999423,4
259.0030123019824,-1.3330519279278876,-0.6264006596448694,-4.036151587299797,-0.02312868922769082,-0.010971991325348986,0.014524607033579415,4
259.1080123069696,-1.5573692914411357,-4.142204921971935,-7.321570489106114,0.02289098875869196,0.00902295484928765,-0.006127595648036091,4
259.21301231195685,-1.9604714774449308,-8.335243851879122,-7.1477987357859645,-0.07570791627857305,-0.029325465986564922,0.022199853257772434,4
259.3390123179415,-0.09818352804652908,-0.6291330903508568,11.760094955713736,0.015302062718797919,0.005810810351062144,0.002598871124154095,4
259.4650123239262,4.442351482570242,5.747405639427303,1.4465461740464127,0.03862018712391992,0.006488011671819842,-0.026826174613799724,4
259.6015123304096,1.3598230458826637,-1.035100567104168,0.05941263760334978,0.028131756125544746,0.011375296440626185,0.0157457345254308,4
259.738012336893,-4.9080689092674525,1.0812084530372417,-8.161110339886262,0.04186919698820099,0.014137618858503927,0.002548458968532607,4
259.8745123433764,-8.803703935219273,-3.5683784551280344,-2.7721968299649564,-0.001447451545337614,0.019703627143873796,-0.006588864601868115,4
260.0005123493611,-5.947929392440155,6.431882170559307,-4.529466757419658,-0.0568384117341388,-0.031823728498232604,0.0027154075876638594,4
260.1370123558445,-5.000017428785773,-6.909362088399082,4.3307831996683905,-0.17281698443984145,-0.03944269321554683,-0.010761491468819913,4
260.2735123623279,-4.899364904853014,-11.162857038111714,4.023490111093385,-0.11465726312987287,0.010832352582446542,-0.012756335125860063,4
260.42051236931,-1.025409805296504,-3.733864541871703,4.9114575928281985,-0.1460121147208459,0.002638840494551522,0.01640887810482418,4
260.57801237679087,3.400500601434431,-3.294359073272812,-0.889315203491185,-0.10574857193495196,-0.00018060089534536718,0.02277656851394646,4
260.725012383773,3.4234528959343886,0.44361688762020113,1.0385794052107349,0.024165071755331398,-0.0004461678374358497,-0.002800131689111339,4
260.8615123902564,-1.9666139340179276,1.0202855550271577,-2.402048103808011,0.033649134966921165,-0.0010679826733284033,0.003631574291016086,4
260.9980123967398,-3.9186450898541167,-6.531409123723373,4.825343270227908,-0.013849724430922531,0.0015022515594861642,0.006780303662091068,4
261.15551240422064,-1.5636898788735483,1.3214877174049502,-2.3558763267169254,0.060151181530790104,0.007941690133906214,-0.0237269224151717,4
261.30251241120277,-0.5576665023730172,3.124954095871227,0.5084714938856167,0.02366688181849679,0.014039678443879159,0.00026573164412807375,4
261.4495124181849,2.0899023921187134,1.0427340261168196,-0.6953811476733405,-0.009413609190510139,0.003489226470130739,0.0031457105018985127,4
261.596512425167,-2.3509688144879366,-8.603294630246017,-2.22185574808686,-0.003813274016120052,-0.0006451066938500046,-0.00813320144955785,4
261.74351243214915,-1.0200856472100153,5.060331490178342,-1.1035143669588547,-0.010025477330903605,-0.0036263892951605417,0.010894166359277896,4
261.88001243863255,-5.184803576175141,3.985796824301461,0.7980629640786643,0.0007009361546773624,-0.0005260318108407915,0.0003382608703305177,4
262.01651244511595,0.0411139490879458,2.5885366356118573,-0.7500793446374443,-0.00035861265924867015,-8.499849101893188e-05,-0.005732291049573888,4
262.15301245159935,3.087228661682663,-0.667565059617337,1.0487958236436292,0.008287042508815338,0.006445385119700343,-0.010562282486575411,4
262.2685124570853,-4.560779948825136,4.851299707037456,6.12885360580659,0.0008125066550760062,0.0018896777728716358,0.0047892565521061034,4
262.37351246207254,-1.9302008319803727,5.077343340968791,1.0332866584482074,0.021778410946089562,0.007173191437806924,-0.008152871072562138,4
262.46801246656105,-2.5160872996199433,6.312544063908228,5.648580009114863,-0.005374691159515646,0.0007990693078684021,0.004296596889456986,4
262.56251247104956,-2.0957233639785438,6.444802479916446,6.27479176709935,0.01473867792253841,0.006672305769097113,0.007096114187163132,4
262.64651247503934,-0.7414533753256632,-9.157113001963609,-0.16380567671425114,-0.016168110282916516,-0.0074615513588968,0.0017588103225897708,4
262.73051247902913,-2.889120428788577,3.23359700041542,0.5029029452996194,-0.016117352782371912,-0.004279602691391895,0.0022359060379098425,4
262.8040124825202,-0.3709200817807795,-4.701371939867676,-5.23467882331092,-0.05792049639075974,-0.025408206241003504,-0.006073880861672706,4
262.88801248651,-4.34309626109